[
  {
    "id": "gk1",
    "type": "mcq",
    "category": "General Knowledge",
    "difficulty": "easy",
    "text": "What is the capital of France?",
    "options": [
      "Berlin",
      "Madrid",
      "Paris",
      "Rome"
    ],
    "answer": "Paris"
  },
  {
    "id": "gk2",
    "type": "mcq",
    "category": "General Knowledge",
    "difficulty": "medium",
    "text": "Which planet is known as the Red Planet?",
    "options": [
      "Venus",
      "Mars",
      "Jupiter",
      "Mercury"
    ],
    "answer": "Mars"
  },
  {
    "id": "gk3",
    "type": "mcq",
    "category": "General Knowledge",
    "difficulty": "hard",
    "text": "Which element has the chemical symbol 'W'?",
    "options": [
      "Tungsten",
      "Tin",
      "Tantalum",
      "Tellurium"
    ],
    "answer": "Tungsten"
  },
  {
    "id": "gk4",
    "type": "free",
    "category": "General Knowledge",
    "difficulty": "medium",
    "text": "In what year did the Titanic sink? (YYYY)",
    "answer": "1912"
  },
  {
    "id": "gk5",
    "type": "mcq",
    "category": "General Knowledge",
    "difficulty": "medium",
    "text": "Which ocean is the largest by area?",
    "options": [
      "Indian",
      "Arctic",
      "Atlantic",
      "Pacific"
    ],
    "answer": "Pacific"
  },
  {
    "id": "pop1",
    "type": "mcq",
    "category": "Pop Culture",
    "difficulty": "easy",
    "text": "Which artist sang 'Bad Guy'?",
    "options": [
      "Lorde",
      "Billie Eilish",
      "Ariana Grande",
      "Taylor Swift"
    ],
    "answer": "Billie Eilish"
  },
  {
    "id": "pop2",
    "type": "mcq",
    "category": "Pop Culture",
    "difficulty": "medium",
    "text": "In the MCU, what is Tony Stark's AI assistant called (pre-FRIDAY)?",
    "options": [
      "KAREN",
      "JARVIS",
      "EDITH",
      "ULTRON"
    ],
    "answer": "JARVIS"
  },
  {
    "id": "pop3",
    "type": "free",
    "category": "Pop Culture",
    "difficulty": "medium",
    "text": "What is the surname of the main character 'Walter' in Breaking Bad?",
    "answer": "White"
  },
  {
    "id": "pop4",
    "type": "mcq",
    "category": "Pop Culture",
    "difficulty": "hard",
    "text": "Which film won Best Picture at the 2020 Oscars?",
    "options": [
      "1917",
      "Joker",
      "Parasite",
      "Ford v Ferrari"
    ],
    "answer": "Parasite"
  },
  {
    "id": "log1",
    "type": "mcq",
    "category": "Logic & Riddles",
    "difficulty": "easy",
    "text": "What comes next: 2, 3, 5, 8, 12, ?",
    "options": [
      "16",
      "17",
      "18",
      "20"
    ],
    "answer": "17"
  },
  {
    "id": "log2",
    "type": "free",
    "category": "Logic & Riddles",
    "difficulty": "medium",
    "text": "I speak without a mouth and hear without ears. What am I?",
    "answer": "echo"
  },
  {
    "id": "log3",
    "type": "mcq",
    "category": "Logic & Riddles",
    "difficulty": "hard",
    "text": "If all Bloops are Razzies and all Razzies are Lazzies, then all Bloops are definitely what?",
    "options": [
      "Lazzies",
      "Razzies",
      "Bloops",
      "Unknown"
    ],
    "answer": "Lazzies"
  },
  {
    "id": "log4",
    "type": "mcq",
    "category": "Logic & Riddles",
    "difficulty": "hard",
    "text": "A farmer has 17 sheep. All but 9 die. How many are left?",
    "options": [
      "0",
      "8",
      "9",
      "17"
    ],
    "answer": "9"
  },
  {
    "id": "math1",
    "type": "free",
    "category": "Rapid Math",
    "difficulty": "easy",
    "text": "12 × 8 = ?",
    "answer": "96"
  },
  {
    "id": "math2",
    "type": "free",
    "category": "Rapid Math",
    "difficulty": "medium",
    "text": "(45 ÷ 5) + 7 = ?",
    "answer": "16"
  },
  {
    "id": "math3",
    "type": "free",
    "category": "Rapid Math",
    "difficulty": "hard",
    "text": "What is 13 squared?",
    "answer": "169"
  },
  {
    "id": "math4",
    "type": "mcq",
    "category": "Rapid Math",
    "difficulty": "hard",
    "text": "Solve for x: 2x + 6 = 20",
    "options": [
      "5",
      "6",
      "7",
      "8"
    ],
    "answer": "7"
  },
  {
    "id": "rel1",
    "type": "mcq",
    "category": "Relationship Roulette",
    "difficulty": "easy",
    "text": "Which love language focuses on verbal expressions?",
    "options": [
      "Acts of Service",
      "Physical Touch",
      "Words of Affirmation",
      "Gifts"
    ],
    "answer": "Words of Affirmation"
  },
  {
    "id": "rel2",
    "type": "mcq",
    "category": "Relationship Roulette",
    "difficulty": "medium",
    "text": "In psychology, 'active listening' primarily involves what?",
    "options": [
      "Fixing problems",
      "Waiting to speak",
      "Reflecting back & clarifying",
      "Giving advice"
    ],
    "answer": "Reflecting back & clarifying"
  },
  {
    "id": "rel3",
    "type": "mcq",
    "category": "Relationship Roulette",
    "difficulty": "hard",
    "text": "Which hormone is most associated with long-term bonding?",
    "options": [
      "Dopamine",
      "Oxytocin",
      "Adrenaline",
      "Cortisol"
    ],
    "answer": "Oxytocin"
  },
  {
    "id": "wild1",
    "type": "mcq",
    "category": "Wild Cards",
    "difficulty": "medium",
    "text": "Which animal can sleep for up to three years (in a state of estivation)?",
    "options": [
      "Snail",
      "Bear",
      "Crocodile",
      "Koala"
    ],
    "answer": "Snail"
  },
  {
    "id": "wild2",
    "type": "free",
    "category": "Wild Cards",
    "difficulty": "medium",
    "text": "How many continents are there on Earth? (digit)",
    "answer": "7"
  },
  {
    "id": "wild3",
    "type": "mcq",
    "category": "Wild Cards",
    "difficulty": "hard",
    "text": "Which country has the most natural lakes?",
    "options": [
      "USA",
      "Finland",
      "Canada",
      "Russia"
    ],
    "answer": "Canada"
  },
  {
    "id": "mem1",
    "type": "mcq",
    "category": "Memory Blitz",
    "difficulty": "medium",
    "text": "Sequence shown: 🔴 🟡 🔵 🟢. What was 3rd?",
    "options": [
      "🔴",
      "🟡",
      "🔵",
      "🟢"
    ],
    "answer": "🔵"
  },
  {
    "id": "mem2",
    "type": "mcq",
    "category": "Memory Blitz",
    "difficulty": "hard",
    "text": "Sequence shown: 🍎 🍌 🍇 🍉 🍒. What was 2nd?",
    "options": [
      "🍎",
      "🍌",
      "🍇",
      "🍉"
    ],
    "answer": "🍌"
  },
  {
    "id": "geo1",
    "type": "mcq",
    "category": "Geography",
    "difficulty": "medium",
    "text": "Which African lake is the source of the White Nile?",
    "options": [
      "Lake Victoria",
      "Lake Tanganyika",
      "Lake Malawi",
      "Lake Turkana"
    ],
    "answer": "Lake Victoria"
  },
  {
    "id": "geo2",
    "type": "free",
    "category": "Geography",
    "difficulty": "hard",
    "text": "Capital city of Kenya?",
    "answer": "Nairobi"
  },
  {
    "id": "us1",
    "type": "free",
    "category": "Us Pack",
    "difficulty": "easy",
    "text": "Where did we go on our first trip together? (Edit this question in assets/questions.json)",
    "answer": "your answer"
  },
  {
    "id": "us2",
    "type": "mcq",
    "category": "Us Pack",
    "difficulty": "medium",
    "text": "Who is more likely to plan surprises?",
    "options": [
      "Kim",
      "Nelly",
      "Both",
      "Neither"
    ],
    "answer": "Kim"
  },
  {
    "id": "us3",
    "type": "mcq",
    "category": "Us Pack",
    "difficulty": "medium",
    "text": "Our favorite shared snack is:",
    "options": [
      "Chips",
      "Chocolate",
      "Fruit",
      "Ice cream"
    ],
    "answer": "Chocolate"
  },
  {
    "id": "gk6",
    "type": "mcq",
    "category": "General Knowledge",
    "difficulty": "medium",
    "text": "The painter of Mona Lisa is?",
    "options": [
      "Michelangelo",
      "Leonardo da Vinci",
      "Raphael",
      "Donatello"
    ],
    "answer": "Leonardo da Vinci"
  },
  {
    "id": "gk7",
    "type": "mcq",
    "category": "General Knowledge",
    "difficulty": "hard",
    "text": "'The Silk Road' primarily connected China with which region?",
    "options": [
      "Sub-Saharan Africa",
      "Europe",
      "Oceania",
      "South America"
    ],
    "answer": "Europe"
  },
  {
    "id": "pop5",
    "type": "mcq",
    "category": "Pop Culture",
    "difficulty": "medium",
    "text": "Which video game features locations like Hyrule Field?",
    "options": [
      "Elden Ring",
      "The Witcher 3",
      "The Legend of Zelda",
      "Dark Souls"
    ],
    "answer": "The Legend of Zelda"
  },
  {
    "id": "log5",
    "type": "free",
    "category": "Logic & Riddles",
    "difficulty": "medium",
    "text": "You see me once in June, twice in November, and not at all in May. What am I?",
    "answer": "e"
  },
  {
    "id": "math5",
    "type": "free",
    "category": "Rapid Math",
    "difficulty": "medium",
    "text": "(9 × 7) − 8 = ?",
    "answer": "55"
  },
  {
    "id": "rel4",
    "type": "mcq",
    "category": "Relationship Roulette",
    "difficulty": "medium",
    "text": "A healthy conflict style avoids which habit?",
    "options": [
      "Using 'I' statements",
      "Stonewalling",
      "Active listening",
      "Taking breaks"
    ],
    "answer": "Stonewalling"
  },
  {
    "id": "wild4",
    "type": "mcq",
    "category": "Wild Cards",
    "difficulty": "medium",
    "text": "Which metal is liquid at room temperature?",
    "options": [
      "Mercury",
      "Sodium",
      "Gallium",
      "Cesium"
    ],
    "answer": "Mercury"
  },
  {
    "id": "mem3",
    "type": "mcq",
    "category": "Memory Blitz",
    "difficulty": "medium",
    "text": "Pattern: ▲ ● ■ ▲ ● ?. Next shape is:",
    "options": [
      "■",
      "●",
      "▲",
      "▼"
    ],
    "answer": "■"
  },
  {
    "id": "geo3",
    "type": "mcq",
    "category": "Geography",
    "difficulty": "hard",
    "text": "Which desert is the largest hot desert in the world?",
    "options": [
      "Gobi",
      "Sahara",
      "Arabian",
      "Kalahari"
    ],
    "answer": "Sahara"
  }
]